{"cameraMode":{"drawMode":0,"name":"Shaded","section":"Shading Mode"},"sceneLighting":true,"audioPlay":false,"sceneViewState":{"m_AlwaysRefresh":false,"showFog":true,"showSkybox":true,"showFlares":true,"showImageEffects":true,"showParticleSystems":true,"showVisualEffectGraphs":true,"m_FxEnabled":true},"in2DMode":false,"pivot":{"x":3.4747633934020998,"y":31.966564178466798,"z":796.7678833007813},"rotation":{"x":0.011948534287512303,"y":-0.9270744323730469,"z":0.031107887625694276,"w":0.3747120201587677},"size":3.674234628677368,"orthographic":false}