{"cameraMode":{"drawMode":0,"name":"Shaded","section":"Shading Mode"},"sceneLighting":true,"audioPlay":false,"sceneViewState":{"m_AlwaysRefresh":false,"showFog":true,"showSkybox":true,"showFlares":true,"showImageEffects":true,"showParticleSystems":true,"showVisualEffectGraphs":true,"m_FxEnabled":true},"in2DMode":false,"pivot":{"x":20.698110580444337,"y":47.074562072753909,"z":767.4552001953125},"rotation":{"x":0.11846879869699478,"y":-0.15591269731521607,"z":0.019609596580266954,"w":0.9809527397155762},"size":3.674234628677368,"orthographic":false}